Tier,Journal,Non-member,Member,Membership
1,American Economic Review,USD200,USD100,USD40
1,Econometrica,Must be member,Free,USD140
1,Journal of Political Economy,USD125,,
1,Quarterly Journal of Economics,Free,,
1,Review of Economic Studies,USD100,,
2,Economic Journal,Must be member,Free,GBP40
2,International Economic Review,USD125,,
2,Journal of the European Economic Association,Must be member,,EUR75
3,Economics Letters,USD65,,
3,Canadian Journal of Economics,Must be member,CAD75,CAD50
3,Economic Inquiry,USD180,USD120,USD55
3,Economica,Free,,
3,European Economic Review,EUR100,,
4,Oxford Economic Papers - New Series,Free,,
4,Scandinavian Journal of Economics,USD100,,
